species,subject,time_point,mean,uci,lci
a_chimp,azibo,1,2.337900045246144e-4,1.6694938043676768,-1.5024451531508378
a_chimp,azibo,2,0.007636330807846203,1.6269327018337008,-1.1266565076996864
a_chimp,azibo,3,-0.016854656672825374,0.6550802908458999,-1.0728470238364163
a_chimp,azibo,4,0.03933717736431719,0.9904669100199625,-0.9370538869830307
a_chimp,azibo,5,0.526869125646398,1.5353178727410888,-0.24941253054004203
a_chimp,azibo,6,0.04473340951677729,1.441583206425951,-0.35918324537635254
a_chimp,azibo,7,0.6026618017011147,1.6297046050638582,-0.5429309382869416
a_chimp,azibo,8,0.9462150001615961,1.875566288715729,-0.15757152028612834
a_chimp,azibo,9,-0.008054393860344344,0.7041432983280254,-1.2147037195490769
a_chimp,azibo,10,0.43199633073359633,1.7562690518965747,-0.5608215904299778
a_chimp,azibo,11,0.32372341657943693,1.521373356884143,-0.6795324407147695
a_chimp,azibo,12,1.181240731331916,2.2594164344662064,0.2065595809721429
a_chimp,azibo,13,0.9746368305363282,1.9863638377541868,-0.12425663354689061
a_chimp,azibo,14,1.0221201292518918,2.2129562134828435,-0.003843946287260397
a_chimp,bambari,1,0.00574077176611798,1.4675890845993034,-1.5379017384732616
a_chimp,bambari,2,-0.0076540592113731876,0.9198832642730068,-1.8823177967122864
a_chimp,bambari,3,-0.017529061624416364,0.5116061112868855,-1.3155575275252194
a_chimp,bambari,4,-0.19539745493758431,0.7383684279034063,-1.2955896435622831
a_chimp,bambari,5,0.030963813925742434,1.0018467963807818,-0.7546087349051767
a_chimp,bambari,6,0.030407969313183347,1.3216497543067132,-0.5202285226753378
a_chimp,bambari,7,0.2047950455418106,1.3591066331041997,-0.8638729830315369
a_chimp,bambari,8,0.44377922058914043,1.4771864928433118,-0.6638038377551443
a_chimp,bambari,9,0.004850412046285335,0.9809223716116251,-0.8689435188514627
a_chimp,bambari,10,0.22917937185281412,1.618997971661735,-0.689609085823069
a_chimp,bambari,11,-0.0226600816360234,1.042124963632511,-1.2355403224441392
a_chimp,bambari,12,0.8314912113525514,1.890171971753292,-0.2676383681478717
a_chimp,bambari,13,0.12000938018185003,1.2232991119424228,-0.9828035131964609
a_chimp,bambari,14,0.11444875037107183,1.0925940826263858,-1.3205101136831452
a_chimp,carola,1,0.005860469999473317,1.7181814040332837,-1.6081243800682292
a_chimp,carola,2,-0.005035490205775872,1.1509037538969775,-1.8941382721675666
a_chimp,carola,3,-0.036138449554639074,0.39844690392294013,-1.6309235210551678
a_chimp,carola,4,-0.026376514933974082,0.8445449437441526,-1.3687468769728768
a_chimp,carola,5,0.82889374122904,1.882216428582727,-0.15678301455205787
a_chimp,carola,6,0.011323719513766317,0.9598468261293486,-1.0974856336087826
a_chimp,carola,7,0.8478336469872017,2.072872832171431,-0.2501889160965831
a_chimp,carola,8,0.5444799854653857,1.7393575179967282,-0.5965006607437945
a_chimp,carola,9,0.0010105026665021555,1.2182469129888402,-0.8528820797301879
a_chimp,carola,10,0.06092345693279233,1.3988592182108839,-1.1967374403177398
a_chimp,carola,11,0.4609092710571425,1.7861373767009963,-0.641446422471553
a_chimp,carola,12,1.6618098886279191,2.7700798581010213,0.5625311654057459
a_chimp,carola,13,0.8343029447606587,1.9633458858351707,-0.3469449746704414
a_chimp,carola,14,1.156556474967719,2.327283454084914,-0.0507108163487314
a_chimp,corrie,1,0.008693998867416397,1.8414171098664582,-1.6010371736168216
a_chimp,corrie,2,0.006178740273496075,1.3668140457588192,-1.658996518332831
a_chimp,corrie,3,-0.041904197712562485,0.432202410259083,-1.5299840010932264
a_chimp,corrie,4,0.5517656333603018,1.6272277777246462,-0.42766391549360544
a_chimp,corrie,5,0.5283318802317782,1.6124187964358923,-0.2996503866852283
a_chimp,corrie,6,-0.003768637917382911,1.0230796274712932,-0.853052251458234
a_chimp,corrie,7,0.1971554682058505,1.3293320716229748,-0.9659651430034076
a_chimp,corrie,8,1.3959792402643483,2.514190583857445,0.468636457297796
a_chimp,corrie,9,0.006958561413053399,1.2876753712599447,-0.7669173645899183
a_chimp,corrie,10,-0.07478697154056269,0.8218960003780078,-1.8162190174032875
a_chimp,corrie,11,0.686928804101558,1.959812098302757,-0.3901118855759488
a_chimp,corrie,12,0.294809118582402,1.430823118941098,-0.8296909418532641
a_chimp,corrie,13,0.26518943736645495,1.3106053752138485,-0.9890494689259406
a_chimp,corrie,14,0.7310520096937552,1.8411097763994682,-0.5079871954269022
a_chimp,dorien,1,0.007757728429157673,1.4446620578590326,-1.9350126694862066
a_chimp,dorien,2,8.152121462678963e-4,1.4212723012190307,-1.4889423058165265
a_chimp,dorien,3,-0.011503708987417038,0.7260023599768038,-1.1611128378589664
a_chimp,dorien,4,0.4588598163655846,1.565189902160986,-0.45224164412489437
a_chimp,dorien,5,-0.29145179911235,0.6111408755141942,-1.4012732033396085
a_chimp,dorien,6,-0.026960546413374864,0.6421948579365371,-1.312354438367255
a_chimp,dorien,7,-0.6105223772034196,0.45076887551833816,-2.137015729261721
a_chimp,dorien,8,-1.7418521848095962,-0.23976993109078507,-3.2985787883615827
a_chimp,dorien,9,-0.01580981824793959,0.6131928027501328,-1.5691055304743124
a_chimp,dorien,10,-0.05354126929771885,0.9646691845636354,-1.632418861158617
a_chimp,dorien,11,-0.2214058553214282,0.9480280084351589,-1.5619152863279213
a_chimp,dorien,12,-0.7488705642238198,0.5440599929005042,-2.0400109921846923
a_chimp,dorien,13,-0.3550035445540809,0.8472848656789301,-1.6082504264695852
a_chimp,dorien,14,-0.7858125026444838,0.44792882400609085,-2.3517879397651056
a_chimp,frank,1,0.00589330954371281,1.793493322783359,-1.5256328256987906
a_chimp,frank,2,-8.426470360198834e-4,1.1118206532642712,-1.7970112948425971
a_chimp,frank,3,-0.04462286508431079,0.4508305609288134,-1.4406891683287837
a_chimp,frank,4,-0.055115743250312654,0.9131571138800236,-1.0804481432525432
a_chimp,frank,5,0.5846935273902558,1.5277499515721251,-0.3228377625946872
a_chimp,frank,6,0.029889698466971204,1.3080222329105826,-0.5105217826790495
a_chimp,frank,7,0.5271460517675497,1.636861167134107,-0.5856755552444124
a_chimp,frank,8,1.3468938952617477,2.3811890366868265,0.2821223046033557
a_chimp,frank,9,-0.006141706899918109,0.7778400622925665,-1.1891778277248612
a_chimp,frank,10,0.38332081467007884,1.7464967211711913,-0.6385468828050288
a_chimp,frank,11,0.3456735003119773,1.554014857206107,-0.7637133760905783
a_chimp,frank,12,1.345365285374395,2.3092838337058503,0.16074545748730118
a_chimp,frank,13,0.6056464418745264,1.7880967307539064,-0.4283760874601355
a_chimp,frank,14,0.9949872045600472,2.181835242744542,-0.13323563002142308
a_chimp,fraukje,1,0.005362722774898465,1.8062099651602272,-1.5513876959682953
a_chimp,fraukje,2,0.005489942822638483,1.5842633174545457,-1.2238915824841967
a_chimp,fraukje,3,-0.056706793303962666,0.3754072181669646,-1.5186684960010606
a_chimp,fraukje,4,0.40205061547177356,1.5117931467238956,-0.4961900826745672
a_chimp,fraukje,5,0.6437250543236415,1.8123154721314785,-0.1307824846687416
a_chimp,fraukje,6,0.00845912464549503,1.1253728083921355,-0.8028667535474541
a_chimp,fraukje,7,0.7171038748827163,1.9859815336891071,-0.30405372910967754
a_chimp,fraukje,8,0.5346697397886162,1.6081070237941377,-0.6525918813434548
a_chimp,fraukje,9,5.717117154744322e-4,1.0778883299718867,-0.9273871216072807
a_chimp,fraukje,10,0.014772862485492144,1.2024372479505245,-1.2842399243382083
a_chimp,fraukje,11,0.6077772914986201,1.7057690209895795,-0.6045338655104128
a_chimp,fraukje,12,1.4394267613080896,2.5368290873153647,0.358319984706269
a_chimp,fraukje,13,0.7184507208530351,1.8317596542153494,-0.38563624374063243
a_chimp,fraukje,14,1.2271150511510118,2.374008230113445,0.05038055520095971
a_chimp,frodo,1,0.0011636251501627726,1.7466342638122458,-1.8163750593899284
a_chimp,frodo,2,0.012176963698927956,2.0383932158845877,-1.1941849213711415
a_chimp,frodo,3,0.05139479835690941,1.8125680323792788,-0.2545516595849347
a_chimp,frodo,4,-0.020901759187809343,1.0378034270799992,-1.1811114100543227
a_chimp,frodo,5,-0.2800433623087484,0.6142391603874888,-1.4853774515770979
a_chimp,frodo,6,-0.08737132066516917,0.335394341466678,-2.194832407171022
a_chimp,frodo,7,-0.9081929197451752,0.45018361938710516,-2.409011559845732
a_chimp,frodo,8,0.5615499490377891,1.7099298829660807,-0.6686470640164858
a_chimp,frodo,9,-0.007471272976823151,0.8886162602990857,-1.4689851885719676
a_chimp,frodo,10,-1.0142055628883337,0.2793667121629361,-3.114161845499201
a_chimp,frodo,11,-0.4995976411554386,0.7198189957777215,-2.0664189140794473
a_chimp,frodo,12,-0.5926621986006841,0.5813727966430773,-2.1463780925946376
a_chimp,frodo,13,-0.47907859375940953,0.7685320375586622,-1.8628757613665754
a_chimp,frodo,14,-1.369991730224509,0.2565130262626512,-2.92905705323869
a_chimp,kisha,1,0.011726791443937401,1.7166695894255593,-1.587247552253246
a_chimp,kisha,2,-0.008042477694637284,1.2597134818429816,-1.6625092083455892
a_chimp,kisha,3,0.007382803500722179,0.9570421135998908,-0.7699922981736269
a_chimp,kisha,4,-0.1668950331956025,0.7950448926571461,-1.185195434198259
a_chimp,kisha,5,0.777466847254461,1.8326772493357248,-0.07803944775933969
a_chimp,kisha,6,0.04862294751570495,1.482649480402782,-0.4080924141547473
a_chimp,kisha,7,0.5708067166309831,1.7473308162324537,-0.4755588966425214
a_chimp,kisha,8,1.5575648492102616,2.578783703857175,0.5053633456837725
a_chimp,kisha,9,-0.0032605689734181986,0.8917249133429176,-1.0665460862117924
a_chimp,kisha,10,0.05449290783388072,1.457983955687992,-0.914396781616141
a_chimp,kisha,11,0.5764629319207017,1.9269072861814593,-0.3420670298274779
a_chimp,kisha,12,1.2027108649967697,2.223396562017756,0.09643871678915111
a_chimp,kisha,13,0.7078720035055273,1.7415395052581295,-0.442664549294457
a_chimp,kisha,14,0.9328526172153335,2.2090724935517048,-0.0626647068124837
a_chimp,maja,1,0.00967118722814142,1.426394870278854,-1.4836471259983302
a_chimp,maja,2,0.00809655046256852,1.9717137436340002,-0.7907573884274601
a_chimp,maja,3,0.03868205477810416,1.2848439366187079,-0.42326975338300343
a_chimp,maja,4,0.09154539056882349,1.0960610251019665,-0.7382404862310605
a_chimp,maja,5,0.026149165875352987,1.112903676821913,-0.6197887793004152
a_chimp,maja,6,0.006269772800178153,0.9786793781457793,-0.7342958117628551
a_chimp,maja,7,0.25512944482224853,1.3453598333778332,-0.7628823177805528
a_chimp,maja,8,0.5967539724200888,1.5521827977840164,-0.4572457476736297
a_chimp,maja,9,-0.0024603724731653287,0.9341387646081363,-0.8868095204782532
a_chimp,maja,10,0.3315570806091388,1.5787638490410647,-0.645902819724038
a_chimp,maja,11,0.1293749028940252,1.360169129675997,-0.806654120067064
a_chimp,maja,12,0.19360601788853682,1.3032258406396369,-0.8811510321384309
a_chimp,maja,13,0.26872761397167677,1.4293198170963355,-0.6886637230097462
a_chimp,maja,14,0.7731907738279864,1.85142540499028,-0.3301693421607068
a_chimp,makeni,1,0.011679806000339354,1.7221502815943277,-1.6739280492800546
a_chimp,makeni,2,-0.012502695866473346,1.2081734848023933,-1.7633721885057136
a_chimp,makeni,3,-0.03959161081787599,0.4205908054199488,-1.5408233797255526
a_chimp,makeni,4,-0.04708362943525568,0.9330613338006754,-1.1069831805742332
a_chimp,makeni,5,0.6946730026958303,1.7394468213843934,-0.1818355595121026
a_chimp,makeni,6,0.013449071059207895,1.0689110307344123,-0.8655784568596376
a_chimp,makeni,7,1.149696666831485,2.1719182378875783,-0.029063226369696493
a_chimp,makeni,8,1.5184077581432562,2.4899286317853107,0.4377643122868492
a_chimp,makeni,9,0.009063597573107707,1.031149070979505,-0.929297608263994
a_chimp,makeni,10,0.019719952712461186,1.135296002670348,-1.3155748796467783
a_chimp,makeni,11,0.35199681067997357,1.5561158027400974,-0.7314471459880141
a_chimp,makeni,12,1.610732347214069,2.633766426909641,0.5118549331606808
a_chimp,makeni,13,0.6126380246390233,1.759468333405661,-0.48705614121905016
a_chimp,makeni,14,0.8521635291333074,1.9271872576857456,-0.35050592998091945
a_chimp,natascha,1,-0.012638522744496505,1.5040335163312621,-1.5900909850581588
a_chimp,natascha,2,9.921439313353986e-4,1.1815725849534546,-1.69829650045093
a_chimp,natascha,3,0.008838412848534816,0.9653264029726831,-0.7608349793071632
a_chimp,natascha,4,-0.23472957917773796,0.7601923396383149,-1.2284588261115439
a_chimp,natascha,5,-0.059110818631318285,0.6678709837105431,-1.1671868055520405
a_chimp,natascha,6,-0.0040156087434319865,0.8550934340473448,-0.9591323321315066
a_chimp,natascha,7,-0.6900240280033656,0.4450138657928862,-1.987352873581366
a_chimp,natascha,8,-0.01508063752955513,1.156529055833445,-1.0707385701554974
a_chimp,natascha,9,0.007365374557918525,1.1360850871460266,-0.7618392048664187
a_chimp,natascha,10,-0.09499616255609933,0.6333658081202337,-1.863335007338327
a_chimp,natascha,11,-0.3854876374685001,0.7156745995022439,-1.6542798175777083
a_chimp,natascha,12,-0.28355784786419624,0.8640671629560486,-1.4654545335417217
a_chimp,natascha,13,-0.34821828099795926,0.751442516069895,-1.5914136665041623
a_chimp,natascha,14,-0.033138651190398605,1.1310048228450391,-1.3151511183787805
a_chimp,ohini,1,0.007584923314610137,1.8664805403562066,-1.5712602768095159
a_chimp,ohini,2,-0.01128314631402727,1.0618247886550596,-2.056356866289824
a_chimp,ohini,3,-0.016338618884259137,0.6582923461619024,-1.1627745170481572
a_chimp,ohini,4,-0.7441355214759553,0.22923518731835124,-2.0248350545802176
a_chimp,ohini,5,0.42970519322683587,1.4465443624794527,-0.42402242848027527
a_chimp,ohini,6,0.024364330215204788,1.2197759744356358,-0.6256814523294817
a_chimp,ohini,7,-0.05500110910001732,1.1142009938103419,-1.1434430402553166
a_chimp,ohini,8,1.16660726141011,2.2524288148847824,0.16963281619217566
a_chimp,ohini,9,0.024166172675409436,1.5953172659615251,-0.4203254678678893
a_chimp,ohini,10,0.027600393933064904,1.35749603242647,-1.0727609772924613
a_chimp,ohini,11,-0.2841443004656714,0.8181793257189354,-1.5688184694399168
a_chimp,ohini,12,0.9716511895780793,2.1364600410159684,-0.04636713481262589
a_chimp,ohini,13,0.6843080426525072,1.8863092176503917,-0.34185784544344155
a_chimp,ohini,14,0.08784903898134244,1.2690326196340997,-1.1330884061350557
a_chimp,riet,1,0.005114551439207915,1.8425226325877728,-2.0893835538043333
a_chimp,riet,2,0.004592682668193682,1.7388901473031413,-1.6212258648860856
a_chimp,riet,3,-0.00781936095075153,0.6992056686636593,-1.4021987944851921
a_chimp,riet,4,0.9178757014915782,2.078388356037565,-0.18883643152842294
a_chimp,riet,5,-0.5337750420428775,0.4876007321047357,-1.7721345171307445
a_chimp,riet,6,-0.0669257424189782,0.40388913940808846,-2.082702643665457
a_chimp,riet,7,-1.001107992429347,0.32760112535355157,-2.5915591976337065
a_chimp,riet,8,-2.374308693287108,-0.6838486052647151,-4.196612748511647
a_chimp,riet,9,-0.049944924512098865,0.4467923774271621,-2.2147854446609507
a_chimp,riet,10,-0.9320777518544778,0.3155927860036114,-2.9148459731446215
a_chimp,riet,11,0.33600809543575894,1.689582542250549,-1.011739423040195
a_chimp,riet,12,-1.0119025818692848,0.3906903410244729,-2.547588308190495
a_chimp,riet,13,-0.395174080600476,0.8064415369705709,-1.9702603960555813
a_chimp,riet,14,-1.4401221031335032,0.2135431185693233,-3.14064277820361
a_chimp,robert,1,0.004938126609704163,1.876616529280342,-2.0795436889307255
a_chimp,robert,2,-0.016667300726989076,1.4260599530943356,-1.923245013329137
a_chimp,robert,3,0.0012475502010529382,0.9360683402871547,-1.2127249613473767
a_chimp,robert,4,-0.4100301966883704,0.6919653062843767,-1.7968779819994771
a_chimp,robert,5,-0.7731076045793097,0.24529235465407093,-2.3156583701497064
a_chimp,robert,6,-0.08990185762159797,0.2802064600966929,-2.6072427692077254
a_chimp,robert,7,-1.3940959009733742,0.151454427644918,-3.00070698342243
a_chimp,robert,8,-0.26441582344564774,1.0916336522691377,-1.6820717317289307
a_chimp,robert,9,0.03792186817114884,1.7574619393648807,-0.6472356994009981
a_chimp,robert,10,-0.6914500768946867,0.3805034668308881,-3.0188073778723368
a_chimp,robert,11,-1.0375573796140474,0.2904849060858594,-2.9576971815731694
a_chimp,robert,12,-2.0026645286555054,-0.3900668221897904,-3.8263861115532376
a_chimp,robert,13,-1.6218876953368877,-0.00496736253844083,-3.480139134430228
a_chimp,robert,14,-2.0798928954948686,-0.38199207464780177,-4.230329043186086
a_chimp,sandra,1,-0.005174803053536792,1.6169855687725634,-1.4623163961242416
a_chimp,sandra,2,-0.006446873502194528,1.0613123043099182,-1.7569514423889974
a_chimp,sandra,3,0.007037295095743357,0.9388352331081712,-0.7772078699168267
a_chimp,sandra,4,0.07795624136298596,1.0074410193525927,-0.902315871068345
a_chimp,sandra,5,-0.010614362488509332,0.8604539167119345,-0.9586527620783413
a_chimp,sandra,6,0.011426352865181455,1.1558942760616118,-0.6504551885020416
a_chimp,sandra,7,-0.004916589658187309,1.0392093396686015,-1.2447530346634785
a_chimp,sandra,8,0.08602215817015413,1.199167806456113,-1.01811708737181
a_chimp,sandra,9,-0.0011215700557616337,0.9002415054667786,-1.0192918993569255
a_chimp,sandra,10,-0.011476088589220002,1.2433844292511524,-1.100961530038501
a_chimp,sandra,11,-0.3341377491773314,0.6783166707952127,-1.769541310328522
a_chimp,sandra,12,-0.21690136284063755,0.9525914245513691,-1.4038133970490894
a_chimp,sandra,13,0.5438149962245455,1.8134007506448164,-0.4472846067555823
a_chimp,sandra,14,-0.5359764999860133,0.7515060151206472,-1.8633025726945842
a_chimp,shanga,1,0.004169620319578016,1.5542892085419526,-1.5399683717871624
a_chimp,shanga,2,0.0034038044888005103,1.4007384652460126,-1.4004284673735259
a_chimp,shanga,3,-0.02163537541743743,0.6696162364958187,-1.0956041534188687
a_chimp,shanga,4,0.08651940129763536,1.289574061271682,-0.6738884490293418
a_chimp,shanga,5,0.020936829846681437,0.9536188312192616,-0.87457100952535
a_chimp,shanga,6,-0.015526300198401621,0.7908423818608044,-1.0614407399030854
a_chimp,shanga,7,0.11975112562327439,1.313746237309972,-0.9511978790681275
a_chimp,shanga,8,0.8435821249783566,1.9860882716317565,-0.17048727946804798
a_chimp,shanga,9,0.014107141637960119,1.2159366999333696,-0.7009934838112485
a_chimp,shanga,10,-0.025267983909682545,1.1706657086332433,-1.194332143319204
a_chimp,shanga,11,0.10181479430451867,1.2707927771662044,-1.0287275134882794
a_chimp,shanga,12,-0.3979932463676832,0.7970569700869861,-1.6667163145023247
a_chimp,shanga,13,-0.23221519602560026,0.8112082886546763,-1.5310982156483826
a_chimp,shanga,14,-3.913194977398504e-4,1.2468715724760853,-1.299445755865791
a_chimp,swela,1,-1.723462995180114e-4,1.5761794985430686,-1.6097144798928198
a_chimp,swela,2,0.005334278338481546,1.2626685153257589,-1.5529459828260324
a_chimp,swela,3,-0.0037368401766904036,0.7274165696121311,-1.0229637340885431
a_chimp,swela,4,0.14601068107330573,1.3328589852583361,-0.6476316914411184
a_chimp,swela,5,-0.002616422733969781,0.9445224569505589,-0.8877980375687743
a_chimp,swela,6,0.0015241657345645976,0.9241915340156998,-0.8873237170954441
a_chimp,swela,7,-0.13143454558280476,0.9288871135416106,-1.4025073573646885
a_chimp,swela,8,-0.3574715775986519,0.8192479290065355,-1.5507055595923749
a_chimp,swela,9,-0.01900377295346667,0.6117188235982339,-1.399351193296031
a_chimp,swela,10,0.02862936130203053,1.2747765067761179,-1.0795219003424035
a_chimp,swela,11,0.8052526812262089,2.0388878317405457,-0.2600441389433495
a_chimp,swela,12,0.5401533555454168,1.695788052052819,-0.48612879111301865
a_chimp,swela,13,0.5310264664542117,1.7559590606693516,-0.45521263038626547
a_chimp,swela,14,1.029372994199673,2.0687951819303945,-0.18493476007355025
a_chimp,tai,1,-0.002386989582086052,1.5836145966979926,-1.5910053654731866
a_chimp,tai,2,-0.004089775219812353,1.1090566252617422,-1.7241378971397576
a_chimp,tai,3,-0.024409625547214375,0.5286323898423887,-1.3522569065436276
a_chimp,tai,4,-0.04438169350102461,0.907658129437003,-1.1766874961327503
a_chimp,tai,5,-0.11522513388495348,0.6023878085473438,-1.3523602073399934
a_chimp,tai,6,0.018834014442303593,1.3133260416698698,-0.5764037032325772
a_chimp,tai,7,-0.454237422496369,0.6087631377020265,-1.859785202379036
a_chimp,tai,8,-0.11302669242822816,0.8385568905550795,-1.4909123215683133
a_chimp,tai,9,0.007827306151271696,1.1943649867132762,-0.787510301642583
a_chimp,tai,10,0.02068495660261105,1.4056362449962232,-0.9951889673256564
a_chimp,tai,11,0.048380064486984065,1.3390015668408348,-1.011499522786062
a_chimp,tai,12,-0.16949992276749626,0.9767042161970365,-1.4215223563209474
a_chimp,tai,13,0.09422466584733336,1.2448438500829706,-1.0486086706618283
a_chimp,tai,14,0.08171895130611517,1.3775845901050214,-1.122154355468737
a_chimp,youma,1,0.003214836750999872,1.6345740025575555,-1.579327658753696
a_chimp,youma,2,9.488913559279055e-4,1.046766122683947,-2.0051393831279465
a_chimp,youma,3,-0.053211356829984346,0.4601053899627101,-1.466525121581935
a_chimp,youma,4,-0.008051753932138972,1.0384905325399496,-0.9764368712816786
a_chimp,youma,5,0.5183686160978289,1.4974292096420554,-0.3691519645774196
a_chimp,youma,6,0.03765009993274693,1.3863778439597771,-0.4559607697107499
a_chimp,youma,7,0.9315003271177704,2.0216065838348296,-0.10722344523489225
a_chimp,youma,8,1.3326731036287822,2.2607266567078033,0.2534571712845314
a_chimp,youma,9,0.0037833341273767473,1.1120929684880956,-0.825461382240139
a_chimp,youma,10,0.46962235485393533,1.837430398643384,-0.5055028361602597
a_chimp,youma,11,-0.08383674666374308,1.007191706999575,-1.4977414908028537
a_chimp,youma,12,1.3159008909741767,2.388587860393524,0.29849478660023576
a_chimp,youma,13,0.5862861205284662,1.66004563085695,-0.5305501160505971
a_chimp,youma,14,1.03752496012946,2.1700663942595457,-0.07706373330318893
b_chimp,alex,1,0.00881909302776851,1.3542146375066861,-1.7500754273016768
b_chimp,alex,2,0.010744770356576616,1.4596856370354634,-1.1102070441070822
b_chimp,alex,3,-0.010272680099363996,0.8352825161558255,-1.3624827318886594
b_chimp,alex,4,0.08216557968757154,1.3561349826092972,-1.0122733352490778
b_chimp,alex,5,0.26031052221636397,1.6099453094099727,-0.6266367065657904
b_chimp,alex,6,0.004314290153295985,1.294163202140637,-1.0273277272961525
b_chimp,alex,7,0.5335778733400973,2.0748434736614074,-0.5402250294673511
b_chimp,alex,8,-0.012678541863034631,1.4872922952430303,-1.840920993171081
b_chimp,alex,9,0.008276719806663557,1.1406629679288194,-0.992210995494227
b_chimp,alex,10,0.04295820199648759,1.7862994418307854,-1.133209430552334
b_chimp,alex,11,0.34714250366531774,1.9114934540202977,-0.8539530760866832
b_chimp,alex,12,0.2797921528704701,1.696682799996176,-1.3813917818771444
b_chimp,alex,13,-0.039593622823288044,1.289696457349479,-1.6679217751703441
b_chimp,alex,14,0.7425826090182244,2.2446435508148994,-0.8863822309738512
b_chimp,daza,1,0.013559466986438728,1.6376217096562857,-1.4282771275181836
b_chimp,daza,2,-0.0039781168437782455,0.9495153224284891,-1.7900156496414417
b_chimp,daza,3,-0.005569949612940217,1.0904675851786514,-1.1716991821235645
b_chimp,daza,4,-0.22020524923726237,0.8462476837010471,-1.5549880525809685
b_chimp,daza,5,0.005916098090442468,1.0818072035410666,-1.1131702263301708
b_chimp,daza,6,0.021177924296592376,1.3883694591037925,-0.8955864230457018
b_chimp,daza,7,0.3443168638080363,1.7207038353737794,-0.8744707897345987
b_chimp,daza,8,0.5024257921508894,2.263227832619037,-0.93447874528136
b_chimp,daza,9,0.020934879768843118,1.4937650844927108,-0.6631224788265726
b_chimp,daza,10,0.06986026730169659,2.127824163491508,-0.8051663077616351
b_chimp,daza,11,-0.1262345368143074,1.2370835773071918,-1.563250623585223
b_chimp,daza,12,0.5026710764226321,1.9146134801998305,-1.0530421464190074
b_chimp,daza,13,-0.01270893698897746,1.3668829507343419,-1.5216564306533304
b_chimp,daza,14,0.4582790659422411,2.1153929794896738,-1.0781034730832932
b_chimp,frederike,1,-0.005049773938516466,1.6143566174671558,-1.3690361173735415
b_chimp,frederike,2,-0.02049807555491956,0.7866558121044702,-2.2191209465495993
b_chimp,frederike,3,-0.0227269435868922,0.766467777158453,-1.4754771088090821
b_chimp,frederike,4,6.116867089440703e-4,1.2832207135071805,-1.0904875289407783
b_chimp,frederike,5,0.351322019587492,1.6171925331232049,-0.6355160327411185
b_chimp,frederike,6,0.01624769746947452,1.2731008929214658,-0.9889460362107508
b_chimp,frederike,7,0.6213485705968069,1.8955401460713643,-0.7164251542163977
b_chimp,frederike,8,0.8142904836548523,2.420334176871749,-0.7234666109512018
b_chimp,frederike,9,0.0065567373488644165,1.1041979866023854,-1.0321213055463911
b_chimp,frederike,10,0.04090298158964467,1.5537987104672197,-1.292666701004299
b_chimp,frederike,11,0.22556279316628292,1.8350305260051427,-0.8984361848055946
b_chimp,frederike,12,0.7352874616095684,2.2742012809847423,-0.7636191593143595
b_chimp,frederike,13,0.0021178616988311028,1.554210205444643,-1.354235031388377
b_chimp,frederike,14,0.08306021622771409,1.8318605655333275,-1.3867417407513352
b_chimp,hope,1,-0.004481214818172319,1.7854512668253448,-1.379612898874606
b_chimp,hope,2,0.01632900991809283,1.6657647734506487,-1.0370184232368016
b_chimp,hope,3,-0.009824874624110524,0.9342125395183454,-1.3847748130146829
b_chimp,hope,4,0.12836558995715475,1.4098725440883264,-1.1159126009228875
b_chimp,hope,5,0.5219228021680631,1.8601876631254448,-0.4459624800602242
b_chimp,hope,6,0.004880821367672983,1.5202216778823594,-0.9309906707289252
b_chimp,hope,7,0.7192924310085633,2.2533875591611716,-0.49494047000685915
b_chimp,hope,8,1.1062157704960023,2.719338092754033,-0.5187490261942368
b_chimp,hope,9,-0.0020682097915134534,1.0647692913605695,-1.291072952012262
b_chimp,hope,10,0.022380592191273863,1.627255095359374,-1.501567870465034
b_chimp,hope,11,0.4968987602378796,2.1240607857464733,-0.7080943987933754
b_chimp,hope,12,0.7256702097042105,2.302580857417408,-0.7790493799399656
b_chimp,hope,13,-0.04723428470196467,1.4287461470025913,-1.687409725174982
b_chimp,hope,14,1.6610592961527852,3.2839376352722818,-0.00664925223549947
b_chimp,jeudi,1,0.006023969281014452,1.5558006929430563,-1.4606334774685628
b_chimp,jeudi,2,-0.013884629049899289,0.8741748095525272,-1.9090567597502583
b_chimp,jeudi,3,-0.012609278249585465,0.7885570086691865,-1.4745194798843728
b_chimp,jeudi,4,-0.05610702141713286,1.136618020676309,-1.3286792681379556
b_chimp,jeudi,5,0.046791262719856785,1.3284497900313639,-0.8740007032324943
b_chimp,jeudi,6,-5.466789916996895e-4,1.1991547248601737,-1.1552351980619673
b_chimp,jeudi,7,-0.06152970784835432,1.332167831245618,-1.355820218574702
b_chimp,jeudi,8,0.13395093592589946,1.767871357108704,-1.5245603150911289
b_chimp,jeudi,9,-0.006228553625697852,1.3196992045305853,-0.8389073022255515
b_chimp,jeudi,10,0.0051976456892601774,1.7295931248907026,-1.1681936556995227
b_chimp,jeudi,11,-0.2548747899275843,1.1442329204285473,-1.7201767279343718
b_chimp,jeudi,12,-0.02855694396379027,1.432003007176124,-1.6760744570829536
b_chimp,jeudi,13,-0.33736877009643784,0.950768810344634,-2.1321442949792466
b_chimp,jeudi,14,-0.2894843848054034,1.2529528077191254,-2.0074250680429957
b_chimp,zira,1,-0.0020786662492069397,1.3719110328175448,-1.7935684664406746
b_chimp,zira,2,-0.00774084440540701,1.2091203637257935,-1.4447306124959818
b_chimp,zira,3,0.006911398792853518,1.1153335317875963,-1.1368327141610723
b_chimp,zira,4,-0.005940115041875416,1.2988067724427874,-1.1851008066504098
b_chimp,zira,5,-0.02442517645333009,1.0343056656984855,-1.185936298550275
b_chimp,zira,6,-0.007195939145905328,1.0927151442389569,-1.2590862334429085
b_chimp,zira,7,-0.23410102900302254,1.1844572075866358,-1.617447022469504
b_chimp,zira,8,-0.08109881153317566,1.532459497690606,-1.974046508473299
b_chimp,zira,9,-0.008490036424487535,0.8209550116892632,-1.494269701168693
b_chimp,zira,10,-0.011943506257938274,1.5362243514577405,-1.5631254520377231
b_chimp,zira,11,-0.29609042313958867,1.017436537772614,-1.8894514961823305
b_chimp,zira,12,0.053786796239970514,1.4979638916563052,-1.695574152336569
b_chimp,zira,13,-0.036056002290292266,1.6667250607732702,-1.3446503787156519
b_chimp,zira,14,-0.504198381358548,0.9756069667103999,-2.607865327064061
bonobo,amira,1,0.008445498969537724,1.703965124453859,-1.60544355752449
bonobo,amira,2,0.003488029928911285,1.4086800869131524,-0.934651310004259
bonobo,amira,3,-0.01734905267933362,0.7226006283518478,-1.085824442025213
bonobo,amira,4,0.49596482979852907,1.6053153251035226,-0.3580082401964354
bonobo,amira,5,0.018809988895851504,1.0576118377779815,-0.8424173863541815
bonobo,amira,6,0.006488965108696565,0.8691772513342417,-1.025733147335087
bonobo,amira,7,-0.28993431806981507,0.8485797683897416,-1.6204464442549997
bonobo,amira,8,0.13510044239104246,1.4171092195433732,-1.1426749427510559
bonobo,amira,9,-0.007980975975532267,0.7345427207710913,-1.2717321401001662
bonobo,amira,10,0.016030663911573928,1.2591188779544695,-1.1355505960437207
bonobo,amira,11,0.48676207316833686,1.663124310511069,-0.5306823521568687
bonobo,amira,12,0.7225716510808957,1.8743321161935635,-0.3525663020587556
bonobo,amira,13,0.9719721435318354,2.078249522734491,-0.20204053631915597
bonobo,amira,14,1.0770752284596297,2.3582946917001277,-0.02245434053120568
bonobo,hodari,1,-0.0035667721889351967,1.5871668760701032,-1.6987744820779724
bonobo,hodari,2,0.0322692189055398,1.7454758145176348,-0.6651527996264335
bonobo,hodari,3,-0.008125199419077411,0.809093844203565,-0.9871205235315591
bonobo,hodari,4,0.48918427592683966,1.5720190186629714,-0.3739929294878059
bonobo,hodari,5,0.3098245715365868,1.3851900784873454,-0.5283921880686342
bonobo,hodari,6,0.016918597334647956,1.2122330119182494,-0.649611491019278
bonobo,hodari,7,0.9136140384703784,2.2253797679454483,-0.06197750211101226
bonobo,hodari,8,0.021982154028747036,1.2557560438146305,-1.2661818760048504
bonobo,hodari,9,-0.0016966029847051978,0.9554207456857713,-0.9945360564776244
bonobo,hodari,10,2.8726292931446906e-4,1.200663932581768,-1.1700596559411665
bonobo,hodari,11,0.9925536347078796,2.221192542412064,-0.10885368275108426
bonobo,hodari,12,1.0057470259752903,2.183539387294937,-0.07800223414086718
bonobo,hodari,13,0.7313608329058305,1.8452572231972595,-0.4677663652753695
bonobo,hodari,14,1.105230475283092,2.299461751825141,-0.11458853609130937
bonobo,jasongo,1,-0.002501308586151829,1.6547441680010924,-2.026376335081859
bonobo,jasongo,2,-0.0457138261910881,0.6568004707999631,-2.560860085275456
bonobo,jasongo,3,6.238418222235254e-4,0.9435055910473447,-1.2416969473213197
bonobo,jasongo,4,0.045199310248956515,1.3034750116927953,-0.9640324992193103
bonobo,jasongo,5,-0.8742110764740496,0.23570052966410016,-2.2650365439738693
bonobo,jasongo,6,-0.07109360868220627,0.4130030670768393,-2.085726020086232
bonobo,jasongo,7,-1.4692261704951157,-0.017082784844905774,-3.3031864094233296
bonobo,jasongo,8,-1.0666313243327945,0.7248101284460593,-2.7932566788858573
bonobo,jasongo,9,-0.00515907771473012,1.0990052677329505,-1.130715760651362
bonobo,jasongo,10,-0.8617224317066956,0.2674916379888562,-3.073780456840783
bonobo,jasongo,11,-0.9258518541802596,0.2843431711215383,-2.80861937839039
bonobo,jasongo,12,-1.4674447738206657,0.10428428980692603,-2.993812898152328
bonobo,jasongo,13,-0.9123927554141411,0.4114499320678497,-2.5453478039251745
bonobo,jasongo,14,-1.86252685787007,-0.23833399098072483,-3.9341590886946225
bonobo,joey,1,0.003120173185870989,1.759273979755122,-1.9719211532051157
bonobo,joey,2,-0.019152482721422004,1.0318455595168103,-1.8268830721827132
bonobo,joey,3,-0.0068760951377098145,0.8066581759229925,-1.3911068537127669
bonobo,joey,4,0.06708148233550748,1.1620687662219875,-1.1532435880174479
bonobo,joey,5,-0.5911894452454232,0.42198395039066006,-2.122806829410279
bonobo,joey,6,-0.034565424563271385,0.643090550664787,-1.7317565138504474
bonobo,joey,7,-1.2516680878517903,0.24585210890672854,-3.1523313158140702
bonobo,joey,8,-1.3546209187108254,0.27812207074931017,-3.54636730016618
bonobo,joey,9,-0.030105145540388456,0.7011154618746318,-1.7191314050617328
bonobo,joey,10,-0.6360300016359988,0.5269931705726156,-2.828715827974267
bonobo,joey,11,-0.22480301618483578,0.8651786466252728,-2.0476234701957123
bonobo,joey,12,-0.5134093295429345,0.8812846267855481,-2.041380178476158
bonobo,joey,13,-0.7225618871666564,0.5231510546985848,-2.5345278130612647
bonobo,joey,14,-0.24669027420861678,1.346940746283277,-1.66821383528993
bonobo,kasai,1,-0.00420363735986129,1.5330638739142344,-1.7240021464353301
bonobo,kasai,2,-0.01929213216599912,0.7891364899963161,-1.9315537569656946
bonobo,kasai,3,-0.03839758523501491,0.42259895782447265,-1.4979959433725862
bonobo,kasai,4,0.4433170041383139,1.517961139755414,-0.43958614359798864
bonobo,kasai,5,0.2534630439841199,1.2378842061068185,-0.6451228282391919
bonobo,kasai,6,0.015738990344636772,1.2692688501960816,-0.6176549869874132
bonobo,kasai,7,0.5528008833805438,1.7366731761997583,-0.5564684349496498
bonobo,kasai,8,0.28054777346244597,1.7327128036089379,-0.8884424237903037
bonobo,kasai,9,-0.004066705427397288,0.9057675602683033,-1.0105158956868217
bonobo,kasai,10,0.028792786920568858,1.2699255944656032,-1.1069572677478843
bonobo,kasai,11,0.3895059625680526,1.6417505917937838,-0.6798252922115382
bonobo,kasai,12,0.7126824460447323,1.8822353895723927,-0.3657397885043552
bonobo,kasai,13,0.9691308179372464,2.152468028465666,-0.1471679058908759
bonobo,kasai,14,0.6410230872826133,1.93388844046678,-0.5059362679377802
bonobo,kuno,1,0.004129978867053019,1.6550541919302975,-2.0374204508871054
bonobo,kuno,2,-0.029940258901729244,0.671215589533602,-2.3338619917407564
bonobo,kuno,3,0.009274603177333418,1.187939208948612,-0.854634870920535
bonobo,kuno,4,0.06962714419911054,1.2660745516358072,-0.9804545455873679
bonobo,kuno,5,-0.33251197301202406,0.5533440589625411,-1.7479861481025654
bonobo,kuno,6,-0.021432173049029224,0.7795682706167514,-1.4522907287640408
bonobo,kuno,7,-0.8300652898139864,0.3481630940649616,-2.6761576087829617
bonobo,kuno,8,-1.4182191131358932,0.16975969986888295,-3.5187058720295057
bonobo,kuno,9,-0.04225416894788303,0.5116210957423944,-1.9690166188841374
bonobo,kuno,10,-0.04834973367244011,1.086899815346037,-1.7014309072036542
bonobo,kuno,11,-0.6407634805581681,0.6716484001248137,-2.1889054304939135
bonobo,kuno,12,0.5267296321456945,1.7632364158932479,-0.7730441850289999
bonobo,kuno,13,0.7223291142668149,2.1440873189221077,-0.43131082896389944
bonobo,kuno,14,-0.8524752000214662,0.6288874560320282,-2.4610352960816444
bonobo,lexi,1,0.007203428700123027,1.7277111754140515,-1.656765508241751
bonobo,lexi,2,0.017241944540040244,1.9343940805694795,-0.5869481645043378
bonobo,lexi,3,-0.008066535999719182,0.6689898353283266,-1.0928292108756794
bonobo,lexi,4,0.5556366174148113,1.666835662960965,-0.3170185634700352
bonobo,lexi,5,0.49155385583619515,1.4470767273927752,-0.4290575202780284
bonobo,lexi,6,0.02782319284974366,1.365491669699482,-0.57924351169431
bonobo,lexi,7,1.2954134788028269,2.5218301783921953,0.1408721614137961
bonobo,lexi,8,0.049484761036090674,1.3306977193489948,-1.1970501965934022
bonobo,lexi,9,-0.011178641977089843,1.058738545615752,-0.871269032237052
bonobo,lexi,10,0.2065175962553174,1.6944242862470722,-0.6596195401999888
bonobo,lexi,11,0.9807118628664582,2.209829791381332,-0.17500139878541707
bonobo,lexi,12,1.0034150971213491,2.1127759392393677,-0.15151824908232892
bonobo,lexi,13,0.5967470208093122,1.6837265862167459,-0.6276417850542833
bonobo,lexi,14,1.3260392065159576,2.5171696704333297,0.10646214775757153
bonobo,luiza,1,0.005558702221316381,1.6559750819378736,-1.719060652880601
bonobo,luiza,2,0.010043246411242546,1.286651319392887,-1.1586084967376333
bonobo,luiza,3,-0.006256076404858479,0.8765185745339876,-1.0286447081776413
bonobo,luiza,4,-0.01701605092852132,0.9501243604210938,-1.1670030229670065
bonobo,luiza,5,-0.04987853869944736,0.742564449677203,-1.3269982752598934
bonobo,luiza,6,-0.019752945043401304,0.6661584146548571,-1.5034508527107975
bonobo,luiza,7,-0.6827641426022137,0.47963195002543796,-2.3747328448943548
bonobo,luiza,8,-0.38919620504442687,0.9554441772924473,-2.1376026377603856
bonobo,luiza,9,-0.01727603483787732,0.5663880935049206,-1.5910914112137948
bonobo,luiza,10,-0.3246152446230619,0.7164849862087612,-2.1062327197240496
bonobo,luiza,11,0.1401689060133684,1.3505880389838874,-1.0867604351908995
bonobo,luiza,12,0.27155887294101433,1.5047123461264995,-0.9815242788622994
bonobo,luiza,13,-0.49188963254505724,0.7094890224836939,-2.000059983106056
bonobo,luiza,14,-0.5993659556989024,0.8559939585607889,-2.0030248289081856
bonobo,sumai,1,0.007055247466658976,1.5496368334963961,-1.5339071379380906
bonobo,sumai,2,-0.0011342362556741037,0.8431494699861393,-1.5423289883326348
bonobo,sumai,3,-0.012025797958962414,0.7035684767894241,-0.9836443146801256
bonobo,sumai,4,0.27164675478566536,1.409653784333165,-0.48569924188455205
bonobo,sumai,5,0.2551228448891534,1.3186025872950726,-0.5117010032209706
bonobo,sumai,6,0.04304825069196583,1.4991984576538337,-0.4016620364892222
bonobo,sumai,7,0.37870997478858226,1.508324987257257,-0.7099054040364673
bonobo,sumai,8,-0.33126173044606677,1.0176546445921517,-1.5532377172530638
bonobo,sumai,9,-0.01219097698253524,0.6251529107262801,-1.1790492884780353
bonobo,sumai,10,0.03834091231571923,1.2826552266124418,-1.0418805982036785
bonobo,sumai,11,0.6281579388851037,1.6222134558290684,-0.5437648205057013
bonobo,sumai,12,0.6614583021169196,1.7609396312223056,-0.46829961021803973
bonobo,sumai,13,0.7083178715918155,1.8965956271886912,-0.30021440728296656
bonobo,sumai,14,0.5405369056633389,1.6883720387312564,-0.6202343751064421
bonobo,tayo,1,0.00950609507632727,1.6542053796346663,-1.6875492537131704
bonobo,tayo,2,0.002466309292649793,1.2833026121820719,-1.1381747893206133
bonobo,tayo,3,-0.026334929440704258,0.6158698412704805,-1.2495651649604895
bonobo,tayo,4,0.6820542464692572,1.7629119146193017,-0.2695826033507973
bonobo,tayo,5,0.04318368618517221,1.189043901441586,-0.7906723327254535
bonobo,tayo,6,0.015817753747795038,0.9859147012907904,-0.9564169259814723
bonobo,tayo,7,-0.2669280214039591,0.888705282570456,-1.6113131278834796
bonobo,tayo,8,-0.14532808497083316,1.224290090637572,-1.411977057993552
bonobo,tayo,9,-0.002611407039712965,0.8230923903439742,-1.2012233077470134
bonobo,tayo,10,-0.20277238095541206,0.6539232646222063,-1.9834202751859578
bonobo,tayo,11,0.7231109105718945,1.912536569284554,-0.36430345695485894
bonobo,tayo,12,1.1036260250746834,2.2099049097649166,-0.10473653657157442
bonobo,tayo,13,1.2034213936114038,2.2917307022499998,-0.09831747626453259
bonobo,tayo,14,0.9800615089655096,2.1955898479279385,-0.22063200873548341
bonobo,yaro,1,0.0027208437830132937,1.6603812892784644,-1.7424542582257676
bonobo,yaro,2,-0.0055053601038554945,0.8904638238894341,-1.7418000014544064
bonobo,yaro,3,-0.05719510743945255,0.367008157739382,-1.7544689781759653
bonobo,yaro,4,0.4508875221242854,1.5493406073637592,-0.478757112641601
bonobo,yaro,5,0.01567498652039756,1.0233564975346734,-0.9510779227139621
bonobo,yaro,6,-0.007690950940822283,0.9132483368677874,-1.0998532739826992
bonobo,yaro,7,-0.2683469429098406,0.9820186895392938,-1.59415834907312
bonobo,yaro,8,-0.8830080071419011,0.4779288157383176,-2.5708316120665757
bonobo,yaro,9,0.004381870700941537,1.2130708752957133,-0.8262154345603548
bonobo,yaro,10,0.07985751836624111,1.8533518147502177,-0.7286823147722302
bonobo,yaro,11,0.7023886954076064,2.033214212187678,-0.36567751815276733
bonobo,yaro,12,0.042312847789704566,1.2688838410156076,-1.1157500785544654
bonobo,yaro,13,-0.31472132907926165,0.7460225409398484,-1.8025373834453933
bonobo,yaro,14,0.3304637889642601,1.543484914697456,-0.9691959502136953
bonobo,yasa,1,0.009197712003452985,1.7858459482227287,-1.7781492236905674
bonobo,yasa,2,0.007894563161304546,1.5100113852921107,-0.9488977758605277
bonobo,yasa,3,-0.00784169717884442,0.7463485644682524,-1.1073412593147296
bonobo,yasa,4,0.8243142931170289,1.9091597197203591,-0.15740104900550436
bonobo,yasa,5,0.3576290845923731,1.5878580838705734,-0.4402408773209334
bonobo,yasa,6,0.03287258270680393,1.4640257708179212,-0.547785113128132
bonobo,yasa,7,1.3182460614728515,2.542705160952604,0.1348933663209771
bonobo,yasa,8,0.41937839300244617,1.6828087110802874,-0.8960106627236983
bonobo,yasa,9,-0.033923995729480794,0.47084955452008875,-1.7868509312791516
bonobo,yasa,10,0.09911789160587281,1.7589179531208798,-0.7191615504413553
bonobo,yasa,11,1.260148319377345,2.389848548962635,-0.022939554984689914
bonobo,yasa,12,0.9836656536004023,2.2484062807880663,-0.06730947280715294
bonobo,yasa,13,0.04257083665899719,1.2144844400239312,-1.2141216162170736
bonobo,yasa,14,1.33490894405873,2.5326955397682323,0.10976698830083015
gorilla,abeeku,1,-0.003147141038614798,1.1140292038557866,-1.9816424828872277
gorilla,abeeku,2,-0.013084520368614072,0.8701258146192399,-2.1551652203809404
gorilla,abeeku,3,-0.011119401281173502,0.8138761041243466,-1.5345146447973257
gorilla,abeeku,4,0.05471718465348685,1.3651668354800148,-1.2092331857975287
gorilla,abeeku,5,0.019055580582297615,1.1925321204428339,-1.1634499179807074
gorilla,abeeku,6,0.0012024481609551607,1.156037144071872,-1.1926152265872239
gorilla,abeeku,7,-0.08234749808628505,1.548696811031403,-1.450836824840645
gorilla,abeeku,8,-0.4100488473995725,1.574527881862326,-2.1292326358141387
gorilla,abeeku,9,-0.0011590625377722041,0.9932008399982788,-1.293251647884515
gorilla,abeeku,10,-0.02489972839522192,1.2894514505970234,-1.856614604122504
gorilla,abeeku,11,0.01355811679124086,1.2858246985264923,-1.703094583865298
gorilla,abeeku,12,0.3756238653160948,1.8902517535501686,-1.319022372836756
gorilla,abeeku,13,0.024872127723166493,1.3728053575210415,-1.6090544909132025
gorilla,abeeku,14,-0.1621753551958376,1.5506235770919572,-2.0309166974990513
gorilla,diara,1,-0.00450422059200406,1.2470824508694252,-1.8409326028165982
gorilla,diara,2,0.004818528595730953,1.346457221950568,-1.3974138952456763
gorilla,diara,3,0.004491430773251093,1.074929191042965,-1.198646729004682
gorilla,diara,4,-0.3593574863966804,0.8113469628322563,-1.791388556125756
gorilla,diara,5,-0.004442937804856939,1.0706459078008554,-1.231994289292972
gorilla,diara,6,-0.009001788589679371,1.2818114425121263,-1.1271735104331622
gorilla,diara,7,0.0982143130016162,1.5212554430756282,-1.3920346329831141
gorilla,diara,8,0.1894406481939237,1.9616096224574113,-1.4875453399288585
gorilla,diara,9,0.026103783318605966,1.8068392974155139,-0.589081751814949
gorilla,diara,10,0.03606963662742446,1.8443332068884986,-1.1939291195700217
gorilla,diara,11,-0.46095761036854954,0.9712126001507676,-1.9896388172963189
gorilla,diara,12,-0.14751305364057377,1.432569707027474,-1.833972278848722
gorilla,diara,13,-0.354825061695478,1.2197508375088795,-1.8597538838604861
gorilla,diara,14,0.14290428914744435,2.104669666059298,-1.3237515893174268
gorilla,kianga,1,-0.001825645557243405,1.5027546230081796,-1.5371069116781568
gorilla,kianga,2,-0.005299605234605487,1.2392329522848715,-1.397721697893779
gorilla,kianga,3,0.0027318944477356943,1.209723619656016,-0.9221349157457664
gorilla,kianga,4,0.023330598814180092,1.2331249678328233,-1.168626909642108
gorilla,kianga,5,0.4763457813991818,1.8191068846522647,-0.46003262317494475
gorilla,kianga,6,0.015017287626284848,1.3816937716320528,-0.9230859852332371
gorilla,kianga,7,0.4423573396534777,1.907175337191455,-0.9105415053027447
gorilla,kianga,8,0.4001698880464506,2.1573408920877064,-1.194576771130449
gorilla,kianga,9,-0.010992452980611134,0.7711709791075222,-1.4310605242191865
gorilla,kianga,10,0.04138873253745423,1.6849338110763563,-1.302481930309095
gorilla,kianga,11,0.2991223313140847,1.8089052273265278,-0.981373275191709
gorilla,kianga,12,0.983246235883914,2.6492569736540177,-0.3920804021315595
gorilla,kianga,13,0.21758295649696047,1.787881090206506,-1.0727173955662914
gorilla,kianga,14,0.8228147361786742,2.46524403965445,-0.7985464238407776
gorilla,kibara,1,-0.005683781997189108,1.4905789149336839,-1.6000665240922953
gorilla,kibara,2,-0.011465645336055097,0.8872496494663868,-2.1169456441666092
gorilla,kibara,3,0.004294030583576358,1.3258825993075565,-0.874413633471916
gorilla,kibara,4,-0.29581566932353676,0.7680915636546888,-1.819202030596788
gorilla,kibara,5,-0.006702065485478581,1.1451303227140155,-1.1465798584725961
gorilla,kibara,6,0.00858159568439465,1.2604543261576413,-1.0991669699179711
gorilla,kibara,7,-0.0025892864272694105,1.2239345518615388,-1.6329936064244233
gorilla,kibara,8,0.2990214270306679,2.137119554164172,-1.3172680125054816
gorilla,kibara,9,8.378866726874712e-4,1.1445576140948492,-1.066635332234362
gorilla,kibara,10,0.006831602608721621,1.7933183407127595,-1.2994841346698
gorilla,kibara,11,-0.2843894184977209,0.9248086787060135,-2.0772939938019226
gorilla,kibara,12,0.2779557521565881,1.8770526267690935,-1.270395758228661
gorilla,kibara,13,0.1041407254622464,1.708581460527188,-1.3134079709324449
gorilla,kibara,14,-0.13441922564013975,1.3702619422954758,-2.0747978451775944
gorilla,kio,1,0.007752519413215531,1.8280476254172149,-1.2280775436688476
gorilla,kio,2,0.006496166835519457,1.468497408872304,-1.241200329606894
gorilla,kio,3,-0.007947031625158196,1.0022024992570524,-1.1793042543589014
gorilla,kio,4,-0.06521179942345823,1.2710868870576513,-1.1551300524302681
gorilla,kio,5,0.2865157667841838,1.5991407828052246,-0.6349715148448712
gorilla,kio,6,0.024884448044920404,1.6070312580879897,-0.7912522747358304
gorilla,kio,7,0.4130084123923017,1.8410532832464135,-0.8678744360285454
gorilla,kio,8,1.4264582604592564,2.993110366742707,-0.186818045370298
gorilla,kio,9,0.012087081622606632,1.3777648143454888,-0.8449323262109645
gorilla,kio,10,0.06219241960387256,1.9407269700542704,-0.9620804525165322
gorilla,kio,11,0.2559064043683459,1.8840308089534785,-0.9189445345101714
gorilla,kio,12,0.788468325881861,2.424289732194047,-0.5703860502771129
gorilla,kio,13,0.3226266723958302,1.787077954098239,-1.0408111022658229
gorilla,kio,14,1.0746019449659037,2.929928750877073,-0.26614249508925003
gorilla,kumili,1,-6.472115114011245e-4,1.7257814668674796,-1.274753381909683
gorilla,kumili,2,-0.009467436235413018,1.035956138457306,-1.7434026428799254
gorilla,kumili,3,-0.00857418128983678,1.0012147061818053,-1.2413216187338554
gorilla,kumili,4,-0.05271419177840464,1.0739079918746295,-1.401406859041162
gorilla,kumili,5,-0.024532746890060242,1.0507657967469195,-1.208678713899603
gorilla,kumili,6,0.011223552836086004,1.287306027215324,-1.0756268514609235
gorilla,kumili,7,0.03729557591026467,1.4197011920441924,-1.3614216616656145
gorilla,kumili,8,0.20361962179774196,1.810467651000052,-1.6540225126856734
gorilla,kumili,9,0.00399634536069593,1.207363048902218,-1.0009799340932937
gorilla,kumili,10,0.07809334872234341,2.130339356782004,-0.9351584488157253
gorilla,kumili,11,-0.28323856656205226,0.9324983307756634,-2.013630511766689
gorilla,kumili,12,0.014491931899009991,1.574987254950703,-1.5638446442901819
gorilla,kumili,13,-0.09115157683016051,1.2621735553972824,-1.6972739056904969
gorilla,kumili,14,0.06737686932763953,1.5589465481878773,-1.7646917841407592
orangutan,bimbo,1,-0.004577809891380902,1.6524795933472296,-1.7068190072268832
orangutan,bimbo,2,-0.016515342565658564,1.0457430905863938,-1.8584951317392493
orangutan,bimbo,3,0.01788614550498213,1.4373374687233273,-0.8471880039854106
orangutan,bimbo,4,-0.11572714180333676,0.8312905568116659,-1.8139286407698756
orangutan,bimbo,5,-0.3204823476651919,0.7037272848625388,-1.7268508176970587
orangutan,bimbo,6,-0.019264704563775048,0.9435674767402591,-1.4084413843742545
orangutan,bimbo,7,-0.5568014012083884,0.902391349753042,-2.118386682042932
orangutan,bimbo,8,-0.12332866493669137,1.939732698947875,-1.786653081362747
orangutan,bimbo,9,-0.003153599739357915,1.062343243426318,-1.266929274139989
orangutan,bimbo,10,-0.09650056323787304,0.9534255412042261,-2.322005797912014
orangutan,bimbo,11,-0.4507327460497228,0.9968417627465586,-2.1826903335640626
orangutan,bimbo,12,-0.8001847417200567,0.8835734403675698,-2.7096469609403946
orangutan,bimbo,13,-0.21645103833233525,1.3258616199518585,-1.8415670225535834
orangutan,bimbo,14,-0.8172665765275777,1.0528393601172785,-2.855164585083758
orangutan,dokana,1,0.012241666697742737,1.7437030958490214,-1.6907010100380302
orangutan,dokana,2,-0.02982789133038466,0.7373163862237453,-2.397933488692715
orangutan,dokana,3,-0.02217045767916037,0.7787367233809708,-1.512239520364602
orangutan,dokana,4,-0.25828739828263947,0.9100376753049837,-1.6938633682746056
orangutan,dokana,5,0.03094068521270854,1.4117129215479076,-0.9826832565878156
orangutan,dokana,6,0.01087408429254566,1.472495152071899,-1.0051696711280649
orangutan,dokana,7,0.47058384204279236,1.9586159101621472,-0.8913695972077047
orangutan,dokana,8,0.3239057176451814,2.111010734915432,-1.3885329041885388
orangutan,dokana,9,0.011893744988926258,1.5487695284622938,-0.758628036335825
orangutan,dokana,10,0.7313912362223269,2.8324065564672174,-0.4146965835883011
orangutan,dokana,11,-0.10239998207775614,1.2110058955474412,-1.7998543005401761
orangutan,dokana,12,0.41537710840308284,2.199142432297053,-0.9976933843744168
orangutan,dokana,13,-0.0890094863562858,1.3848349666173774,-1.6759028364625632
orangutan,dokana,14,0.4256078470810234,1.991977719256349,-1.5612464956376542
orangutan,padana,1,-0.00799649612025366,1.735153535717506,-1.542058276164101
orangutan,padana,2,0.0022203745552658027,1.576934528240109,-1.0566665450222645
orangutan,padana,3,-0.00336100513216131,0.9756669098407742,-1.1489740660849934
orangutan,padana,4,-0.04350027711348803,1.0882491844873805,-1.3151215669508898
orangutan,padana,5,0.08636747502641029,1.4337203195533208,-0.8028661038690629
orangutan,padana,6,0.022479760375920588,1.4446697549325724,-0.9339147088479386
orangutan,padana,7,0.5875697249874632,1.9392531611222148,-0.728793072182168
orangutan,padana,8,0.40384829885685924,2.1159473982727337,-1.1876058605084974
orangutan,padana,9,0.0018032237989444866,1.246697219074127,-0.9340978295961598
orangutan,padana,10,0.6889542212715805,2.579483787906609,-0.5271058230246144
orangutan,padana,11,0.06701146666162172,1.6034790195913293,-1.2383003840993685
orangutan,padana,12,0.5727588705805755,2.219934024211529,-0.8969734885410013
orangutan,padana,13,-0.03471318637447096,1.2645148238904107,-1.7550473278851753
orangutan,padana,14,0.740931647444877,2.5171188673363503,-0.8943625956661216
orangutan,pini,1,-0.007461834642771947,1.600984853064724,-1.82468206685529
orangutan,pini,2,-0.001566773914236208,1.0638416903762178,-1.8466900096696994
orangutan,pini,3,-0.008060955690162519,1.0695234871151826,-1.1340813655230904
orangutan,pini,4,0.08704962974809938,1.5486809616586856,-0.9394908476750077
orangutan,pini,5,-0.008868605543935093,1.0930093993135654,-1.2180321522465278
orangutan,pini,6,-0.006913437939289224,0.97438411386116,-1.4103096127335828
orangutan,pini,7,-0.09797803791902915,1.3731579342964002,-1.5247787836632856
orangutan,pini,8,-0.8545215268403634,0.8455843006232356,-2.9921610209642466
orangutan,pini,9,-0.007664055705735695,1.0043591786239556,-1.3300583968423099
orangutan,pini,10,-0.0375015759954449,1.1874517877991053,-2.064823899613067
orangutan,pini,11,-0.01248249622465547,1.338441790337852,-1.6211213152013348
orangutan,pini,12,-0.7179982337648969,0.8528031573272667,-2.6731264566664232
orangutan,pini,13,-0.24922726013966834,1.1763725025486087,-1.9610885063494363
orangutan,pini,14,-0.5920135548420573,1.0237259294474863,-2.740623656119634
orangutan,raja,1,-0.007367213613518331,1.4873762827601076,-1.6725073544163271
orangutan,raja,2,0.0022326480589933695,1.3011484579868935,-1.293466066436683
orangutan,raja,3,0.003983197882110101,1.1806384372236591,-0.9695188406104944
orangutan,raja,4,-0.04801728314320952,1.0586643416673887,-1.3693246090163207
orangutan,raja,5,0.028352585125125618,1.4061428411281611,-0.8522170882024894
orangutan,raja,6,0.0020267915841354345,1.1487507542645126,-1.145608153796559
orangutan,raja,7,0.29680599354171466,1.670509575974958,-1.0492035401227013
orangutan,raja,8,0.08662105948873577,1.703998464528914,-1.77391514456585
orangutan,raja,9,-0.0036153732156369855,1.0457919913712994,-1.1359816169659422
orangutan,raja,10,0.005655684053250898,1.5064714539990742,-1.4684700937139394
orangutan,raja,11,-0.15203804901789386,1.1755126955681505,-1.7997403704966246
orangutan,raja,12,0.044324778117118324,1.632769860316634,-1.5801339096104314
orangutan,raja,13,-0.1788997742802474,1.2134623093780248,-1.8263830600564948
orangutan,raja,14,-0.3725740972240903,1.3823571410103805,-2.2048805803422593
orangutan,sari,1,-0.01112213394107986,1.5464879318284168,-1.5827430996988192
orangutan,sari,2,-0.009030530110384127,1.2618172756324564,-1.3434594075096438
orangutan,sari,3,-0.006471346430171554,0.9958151028293073,-1.0463742666216818
orangutan,sari,4,0.08621427340801269,1.5131571999056805,-0.8443293422411777
orangutan,sari,5,0.028017230287527006,1.1015575719945527,-1.0419440475620387
orangutan,sari,6,0.013582354532669871,1.2258973843432297,-1.0621709526390957
orangutan,sari,7,0.122779208603772,1.3512374794371067,-1.329998938972598
orangutan,sari,8,0.17983523246104927,1.6691275656565567,-1.603170517401101
orangutan,sari,9,-0.0044584479451934556,1.2481838243287124,-0.8180616749733973
orangutan,sari,10,0.03969036188713826,1.5722611278880603,-1.3236657874918065
orangutan,sari,11,0.05958843137390568,1.5096578937286516,-1.1957759366202
orangutan,sari,12,0.35668142897792166,2.0574030434472568,-1.0291322282587778
orangutan,sari,13,0.11657464744343837,1.5699015980231825,-1.2581561216951174
orangutan,sari,14,0.05175357844362383,1.942891598508105,-1.4757146928627765
